GC_Run ,Date,Plot,Treatment,Time_mins ,Chamber_Temp_C,Surface_Area_m2,Height_m,Volume_m3,Sample_CH4_Peak,Sample_CH4_ppm,Sample_CO2_Peak,Sample_CO2_ppm,Sample_N2O_Peak,Sample_N2O_ppm,Sample_Gas1_Peak,Sample_Gas1_ppm,Sample_Gas2_Peak,Sample_Gas2_ppm,Sample_Gas3_Peak,Sample_Gas3_ppm
Batch12_2024,27-Jun-24,S-M-W-1,SMW,0,32.3,0.068349275,0.32475,,59701,,,,40962,,,,,,,
Batch12_2024,27-Jun-24,S-M-W-1,SMW,21,31.7,0.068349275,0.32475,,144169,,,,40955,,,,,,,
Batch12_2024,27-Jun-24,S-M-W-1,SMW,42,33,0.068349275,0.32475,,227122,,,,40341,,,,,,,
Batch12_2024,27-Jun-24,S-M-W-1,SMW,63,32.5,0.068349275,0.32475,,310759,,,,41718,,,,,,,
Batch12_2024,27-Jun-24,C-S-1,CS,0,33.7,0.068349275,0.322,,45013,,,,40518,,,,,,,
Batch12_2024,27-Jun-24,C-S-1,CS,21,34.7,0.068349275,0.322,,82035,,,,39510,,,,,,,
Batch12_2024,27-Jun-24,C-S-1,CS,42,34.8,0.068349275,0.322,,114774,,,,40220,,,,,,,
Batch12_2024,27-Jun-24,C-S-1,CS,63,34.5,0.068349275,0.322,,144773,,,,40269,,,,,,,
Batch12_2024,27-Jun-24,S-M-1,SM,0,33.7,0.068349275,0.306,,51940,,,,41504,,,,,,,
Batch12_2024,27-Jun-24,S-M-1,SM,21,33.4,0.068349275,0.306,,84241,,,,40712,,,,,,,
Batch12_2024,27-Jun-24,S-M-1,SM,42,33.2,0.068349275,0.306,,112839,,,,42109,,,,,,,
Batch12_2024,27-Jun-24,S-M-1,SM,63,33,0.068349275,0.306,,137742,,,,40429,,,,,,,
Batch12_2024,27-Jun-24,C-S-MD-1,CSMD,0,31.6,0.068349275,0.311,,70226,,,,41026,,,,,,,
Batch12_2024,27-Jun-24,C-S-MD-1,CSMD,21,32.1,0.068349275,0.311,,118334,,,,40463,,,,,,,
Batch12_2024,27-Jun-24,C-S-MD-1,CSMD,42,31.8,0.068349275,0.311,,159713,,,,40304,,,,,,,
Batch12_2024,27-Jun-24,C-S-MD-1,CSMD,63,31.6,0.068349275,0.311,,207247,,,,41072,,,,,,,
Batch12_2024,27-Jun-24,C-1,C,0,33,0.068349275,0.296,,259633,,,,40182,,,,,,,
Batch12_2024,27-Jun-24,C-1,C,21,33,0.068349275,0.296,,410334,,,,41175,,,,,,,
Batch12_2024,27-Jun-24,C-1,C,42,33.3,0.068349275,0.296,,573167,,,,41496,,,,,,,
Batch12_2024,27-Jun-24,C-1,C,63,33,0.068349275,0.296,,746536,,,,41173,,,,,,,
Batch12_2024,27-Jun-24,C-S-MD-2,CSMD,0,30,0.068349275,0.31,,17655,,,,41527,,,,,,,
Batch12_2024,27-Jun-24,C-S-MD-2,CSMD,21,29.9,0.068349275,0.31,,50011,,,,41165,,,,,,,
Batch12_2024,27-Jun-24,C-S-MD-2,CSMD,42,29.7,0.068349275,0.31,,78440,,,,41749,,,,,,,
Batch12_2024,27-Jun-24,C-S-MD-2,CSMD,63,29.3,0.068349275,0.31,,106280,,,,41118,,,,,,,
Batch12_2024,27-Jun-24,C-2,C,0,32.1,0.068349275,0.298,,16449,,,,41487,,,,,,,
Batch12_2024,27-Jun-24,C-2,C,21,30.9,0.068349275,0.298,,163679,,,,41687,,,,,,,
Batch12_2024,27-Jun-24,C-2,C,42,31.8,0.068349275,0.298,,306079,,,,40372,,,,,,,
Batch12_2024,27-Jun-24,C-2,C,63,31.9,0.068349275,0.298,,442606,,,,41408,,,,,,,
Batch12_2024,27-Jun-24,C-S-2,CS,0,32.1,0.068349275,0.305,,14666,,,,39280,,,,,,,
Batch12_2024,27-Jun-24,C-S-2,CS,21,30.4,0.068349275,0.305,,37138,,,,42572,,,,,,,
Batch12_2024,27-Jun-24,C-S-2,CS,42,32.5,0.068349275,0.305,,53796,,,,41743,,,,,,,
Batch12_2024,27-Jun-24,C-S-2,CS,63,32.7,0.068349275,0.305,,75401,,,,41325,,,,,,,
Batch12_2024,27-Jun-24,S-M-2,SM,0,31.2,0.068349275,0.3065,,13250,,,,42515,,,,,,,
Batch12_2024,27-Jun-24,S-M-2,SM,21,29.2,0.068349275,0.3065,,64316,,,,41613,,,,,,,
Batch12_2024,27-Jun-24,S-M-2,SM,42,31,0.068349275,0.3065,,112706,,,,41854,,,,,,,
Batch12_2024,27-Jun-24,S-M-2,SM,63,29.8,0.068349275,0.3065,,159532,,,,41756,,,,,,,
Batch12_2024,27-Jun-24,S-M-W-2,SMW,0,30.4,0.068349275,0.274,,15430,,,,41572,,,,,,,
Batch12_2024,27-Jun-24,S-M-W-2,SMW,21,29.8,0.068349275,0.274,,139978,,,,40594,,,,,,,
Batch12_2024,27-Jun-24,S-M-W-2,SMW,42,31.8,0.068349275,0.274,,260619,,,,40583,,,,,,,
Batch12_2024,27-Jun-24,S-M-W-2,SMW,63,32.1,0.068349275,0.274,,386882,,,,42418,,,,,,,
Batch12_2024,27-Jun-24,C-3,C,0,29.1,0.068349275,0.3065,,93759,,,,42198,,,,,,,
Batch12_2024,27-Jun-24,C-3,C,21,31.3,0.068349275,0.3065,,295171,,,,42378,,,,,,,
Batch12_2024,27-Jun-24,C-3,C,42,32.2,0.068349275,0.3065,,482628,,,,41735,,,,,,,
Batch12_2024,27-Jun-24,C-3,C,63,31.9,0.068349275,0.3065,,657941,,,,40867,,,,,,,
Batch12_2024,27-Jun-24,C-S-3,CS,0,38.6,0.068349275,0.3055,,83602,,,,40434,,,,,,,
Batch12_2024,27-Jun-24,C-S-3,CS,21,37.1,0.068349275,0.3055,,175826,,,,42090,,,,,,,
Batch12_2024,27-Jun-24,C-S-3,CS,42,40,0.068349275,0.3055,,263411,,,,42074,,,,,,,
Batch12_2024,27-Jun-24,C-S-3,CS,63,33.7,0.068349275,0.3055,,343467,,,,40573,,,,,,,
Batch12_2024,27-Jun-24,S-M-3,SM,0,31.1,0.068349275,0.303,,39227,,,,39929,,,,,,,
Batch12_2024,27-Jun-24,S-M-3,SM,21,32.4,0.068349275,0.303,,64061,,,,41496,,,,,,,
Batch12_2024,27-Jun-24,S-M-3,SM,42,32.6,0.068349275,0.303,,87789,,,,41444,,,,,,,
Batch12_2024,27-Jun-24,S-M-3,SM,63,32.4,0.068349275,0.303,,110621,,,,40685,,,,,,,
Batch12_2024,27-Jun-24,S-M-W-3,SMW,0,30.4,0.068349275,0.301,,79580,,,,40699,,,,,,,
Batch12_2024,27-Jun-24,S-M-W-3,SMW,21,32.6,0.068349275,0.301,,132422,,,,39834,,,,,,,
Batch12_2024,27-Jun-24,S-M-W-3,SMW,42,32.5,0.068349275,0.301,,193813,,,,40010,,,,,,,
Batch12_2024,27-Jun-24,S-M-W-3,SMW,63,31.4,0.068349275,0.301,,247312,,,,40728,,,,,,,
Batch12_2024,27-Jun-24,C-S-MD-3,CSMD,0,31.9,0.068349275,0.3075,,85507,,,,40651,,,,,,,
Batch12_2024,27-Jun-24,C-S-MD-3,CSMD,21,32.7,0.068349275,0.3075,,134387,,,,41069,,,,,,,
Batch12_2024,27-Jun-24,C-S-MD-3,CSMD,42,32.9,0.068349275,0.3075,,189081,,,,40900,,,,,,,
Batch12_2024,27-Jun-24,C-S-MD-3,CSMD,63,32.9,0.068349275,0.3075,,233531,,,,40733,,,,,,,
Batch12_2024,27-Jun-24,C-S-MD-4,CSMD,0,29.4,0.068349275,0.3105,,19762,,,,41891,,,,,,,
Batch12_2024,27-Jun-24,C-S-MD-4,CSMD,21,29.7,0.068349275,0.3105,,68369,,,,40459,,,,,,,
Batch12_2024,27-Jun-24,C-S-MD-4,CSMD,42,29.7,0.068349275,0.3105,,110988,,,,40833,,,,,,,
Batch12_2024,27-Jun-24,C-S-MD-4,CSMD,63,29.9,0.068349275,0.3105,,151773,,,,40002,,,,,,,
Batch12_2024,27-Jun-24,C-4,C,0,27.6,0.068349275,0.30225,,16788,,,,41711,,,,,,,
Batch12_2024,27-Jun-24,C-4,C,21,30.3,0.068349275,0.30225,,133189,,,,41242,,,,,,,
Batch12_2024,27-Jun-24,C-4,C,42,30.3,0.068349275,0.30225,,241222,,,,41370,,,,,,,
Batch12_2024,27-Jun-24,C-4,C,63,29.4,0.068349275,0.30225,,351103,,,,42500,,,,,,,
Batch12_2024,27-Jun-24,S-M-W-4,SMW,0,28.4,0.068349275,0.3005,,15137,,,,41343,,,,,,,
Batch12_2024,27-Jun-24,S-M-W-4,SMW,21,30.5,0.068349275,0.3005,,58962,,,,40461,,,,,,,
Batch12_2024,27-Jun-24,S-M-W-4,SMW,42,34.2,0.068349275,0.3005,,100696,,,,39589,,,,,,,
Batch12_2024,27-Jun-24,S-M-W-4,SMW,63,31.5,0.068349275,0.3005,,142020,,,,40661,,,,,,,
Batch12_2024,27-Jun-24,S-M-4,SM,0,27.8,0.068349275,0.3015,,14840,,,,40029,,,,,,,
Batch12_2024,27-Jun-24,S-M-4,SM,21,31.5,0.068349275,0.3015,,59950,,,,40432,,,,,,,
Batch12_2024,27-Jun-24,S-M-4,SM,42,31.6,0.068349275,0.3015,,103659,,,,40901,,,,,,,
Batch12_2024,27-Jun-24,S-M-4,SM,63,30.1,0.068349275,0.3015,,145397,,,,39303,,,,,,,
Batch12_2024,27-Jun-24,C-S-4,CS,0,29.6,0.068349275,0.3015,,13342,,,,40850,,,,,,,
Batch12_2024,27-Jun-24,C-S-4,CS,21,30.6,0.068349275,0.3015,,51088,,,,41482,,,,,,,
Batch12_2024,27-Jun-24,C-S-4,CS,42,32,0.068349275,0.3015,,86432,,,,40181,,,,,,,
Batch12_2024,27-Jun-24,C-S-4,CS,63,30.6,0.068349275,0.3015,,119801,,,,41238,,,,,,,
Batch14_2024,01-Aug-24,S-M-W-1,SMW,0,35.2,0.068349275,0.8107,,84743,,,,36840,,,,,,,
Batch14_2024,01-Aug-24,S-M-W-1,SMW,21,36.3,0.068349275,0.8107,,236721,,,,38041,,,,,,,
Batch14_2024,01-Aug-24,S-M-W-1,SMW,42,36.9,0.068349275,0.8107,,426998,,,,39207,,,,,,,
Batch14_2024,01-Aug-24,S-M-W-1,SMW,63,37.8,0.068349275,0.8107,,604575,,,,38374,,,,,,,
Batch14_2024,01-Aug-24,C-S-1,CS,0,33.9,0.068349275,0.8087,,64968,,,,38120,,,,,,,
Batch14_2024,01-Aug-24,C-S-1,CS,21,36.3,0.068349275,0.8087,,190049,,,,37779,,,,,,,
Batch14_2024,01-Aug-24,C-S-1,CS,42,37.9,0.068349275,0.8087,,343349,,,,38058,,,,,,,
Batch14_2024,01-Aug-24,C-S-1,CS,63,38.2,0.068349275,0.8087,,498803,,,,39641,,,,,,,
Batch14_2024,01-Aug-24,S-M-1,SM,0,36,0.068349275,0.7957,,93336,,,,37371,,,,,,,
Batch14_2024,01-Aug-24,S-M-1,SM,21,34.4,0.068349275,0.7957,,229867,,,,37933,,,,,,,
Batch14_2024,01-Aug-24,S-M-1,SM,42,35.9,0.068349275,0.7957,,382312,,,,38151,,,,,,,
Batch14_2024,01-Aug-24,S-M-1,SM,63,35,0.068349275,0.7957,,521456,,,,38473,,,,,,,
Batch14_2024,01-Aug-24,C-S-MD-1,CSMD,0,36,0.068349275,0.79645,,61272,,,,38474,,,,,,,
Batch14_2024,01-Aug-24,C-S-MD-1,CSMD,21,36.6,0.068349275,0.79645,,208670,,,,38026,,,,,,,
Batch14_2024,01-Aug-24,C-S-MD-1,CSMD,42,39.1,0.068349275,0.79645,,382880,,,,38136,,,,,,,
Batch14_2024,01-Aug-24,C-S-MD-1,CSMD,63,39.1,0.068349275,0.79645,,550141,,,,38773,,,,,,,
Batch14_2024,01-Aug-24,C-1,C,0,39.9,0.068349275,0.78145,,62594,,,,38683,,,,,,,
Batch14_2024,01-Aug-24,C-1,C,21,40.9,0.068349275,0.78145,,205119,,,,39025,,,,,,,
Batch14_2024,01-Aug-24,C-1,C,42,42.9,0.068349275,0.78145,,348819,,,,38302,,,,,,,
Batch14_2024,01-Aug-24,C-1,C,63,42.7,0.068349275,0.78145,,475145,,,,38061,,,,,,,
Batch14_2024,01-Aug-24,C-S-MD-2,CSMD,0,34.6,0.068349275,0.79495,,48106,,,,38521,,,,,,,
Batch14_2024,01-Aug-24,C-S-MD-2,CSMD,21,36.1,0.068349275,0.79495,,149608,,,,38252,,,,,,,
Batch14_2024,01-Aug-24,C-S-MD-2,CSMD,42,36.3,0.068349275,0.79495,,270450,,,,37997,,,,,,,
Batch14_2024,01-Aug-24,C-S-MD-2,CSMD,63,37.8,0.068349275,0.79495,,385629,,,,38158,,,,,,,
Batch14_2024,01-Aug-24,C-2,C,0,36.4,0.068349275,0.7842,,58467,,,,38134,,,,,,,
Batch14_2024,01-Aug-24,C-2,C,21,38.9,0.068349275,0.7842,,174309,,,,38979,,,,,,,
Batch14_2024,01-Aug-24,C-2,C,42,39.7,0.068349275,0.7842,,310583,,,,39183,,,,,,,
Batch14_2024,01-Aug-24,C-2,C,63,41,0.068349275,0.7842,,437127,,,,38263,,,,,,,
Batch14_2024,01-Aug-24,C-S-2,CS,0,35.6,0.068349275,0.7902,,66194,,,,37970,,,,,,,
Batch14_2024,01-Aug-24,C-S-2,CS,21,37.7,0.068349275,0.7902,,158631,,,,38147,,,,,,,
Batch14_2024,01-Aug-24,C-S-2,CS,42,37.5,0.068349275,0.7902,,259664,,,,38514,,,,,,,
Batch14_2024,01-Aug-24,C-S-2,CS,63,38.1,0.068349275,0.7902,,352226,,,,37741,,,,,,,
Batch14_2024,01-Aug-24,S-M-2,SM,0,36.8,0.068349275,0.79695,,104024,,,,37052,,,,,,,
Batch14_2024,01-Aug-24,S-M-2,SM,21,37.4,0.068349275,0.79695,,275683,,,,37853,,,,,,,
Batch14_2024,01-Aug-24,S-M-2,SM,42,38.3,0.068349275,0.79695,,458974,,,,38023,,,,,,,
Batch14_2024,01-Aug-24,S-M-2,SM,63,38.3,0.068349275,0.79695,,632065,,,,38007,,,,,,,
Batch14_2024,01-Aug-24,S-M-W-2,SMW,0,40.8,0.068349275,0.75945,,107580,,,,36974,,,,,,,
Batch14_2024,01-Aug-24,S-M-W-2,SMW,21,42,0.068349275,0.75945,,309473,,,,37877,,,,,,,
Batch14_2024,01-Aug-24,S-M-W-2,SMW,42,41.7,0.068349275,0.75945,,505344,,,,37250,,,,,,,
Batch14_2024,01-Aug-24,S-M-W-2,SMW,63,43.1,0.068349275,0.75945,,756101,,,,37451,,,,,,,
Batch14_2024,01-Aug-24,C-3,C,0,37.5,0.068349275,0.79595,,48004,,,,38154,,,,,,,
Batch14_2024,01-Aug-24,C-3,C,21,40.7,0.068349275,0.79595,,132319,,,,38007,,,,,,,
Batch14_2024,01-Aug-24,C-3,C,42,40.8,0.068349275,0.79595,,294552,,,,38130,,,,,,,
Batch14_2024,01-Aug-24,C-3,C,63,42.4,0.068349275,0.79595,,389539,,,,37368,,,,,,,
Batch14_2024,01-Aug-24,C-S-3,CS,0,37.1,0.068349275,0.7957,,59909,,,,37739,,,,,,,
Batch14_2024,01-Aug-24,C-S-3,CS,21,37.3,0.068349275,0.7957,,155927,,,,38789,,,,,,,
Batch14_2024,01-Aug-24,C-S-3,CS,42,37.9,0.068349275,0.7957,,315294,,,,38716,,,,,,,
Batch14_2024,01-Aug-24,C-S-3,CS,63,39.5,0.068349275,0.7957,,510359,,,,37729,,,,,,,
Batch14_2024,01-Aug-24,S-M-3,SM,0,33.6,0.068349275,0.7927,,68567,,,,37717,,,,,,,
Batch14_2024,01-Aug-24,S-M-3,SM,21,37.8,0.068349275,0.7927,,144589,,,,37559,,,,,,,
Batch14_2024,01-Aug-24,S-M-3,SM,42,38.1,0.068349275,0.7927,,269624,,,,38711,,,,,,,
Batch14_2024,01-Aug-24,S-M-3,SM,63,39.4,0.068349275,0.7927,,339633,,,,39013,,,,,,,
Batch14_2024,01-Aug-24,S-M-W-3,SMW,0,39.1,0.068349275,0.78895,,90550,,,,39329,,,,,,,
Batch14_2024,01-Aug-24,S-M-W-3,SMW,21,39.9,0.068349275,0.78895,,206925,,,,38148,,,,,,,
Batch14_2024,01-Aug-24,S-M-W-3,SMW,42,41.2,0.068349275,0.78895,,386925,,,,37890,,,,,,,
Batch14_2024,01-Aug-24,S-M-W-3,SMW,63,41.5,0.068349275,0.78895,,538881,,,,38807,,,,,,,
Batch14_2024,01-Aug-24,C-S-MD-3,CSMD,0,36.1,0.068349275,0.7977,,95497,,,,38083,,,,,,,
Batch14_2024,01-Aug-24,C-S-MD-3,CSMD,21,38.1,0.068349275,0.7977,,176183,,,,37063,,,,,,,
Batch14_2024,01-Aug-24,C-S-MD-3,CSMD,42,40.1,0.068349275,0.7977,,342502,,,,38043,,,,,,,
Batch14_2024,01-Aug-24,C-S-MD-3,CSMD,63,41,0.068349275,0.7977,,435742,,,,38273,,,,,,,
Batch14_2024,01-Aug-24,C-S-MD-4,CSMD,0,34.9,0.068349275,0.7997,,46697,,,,37892,,,,,,,
Batch14_2024,01-Aug-24,C-S-MD-4,CSMD,21,35.6,0.068349275,0.7997,,137366,,,,39157,,,,,,,
Batch14_2024,01-Aug-24,C-S-MD-4,CSMD,42,38.2,0.068349275,0.7997,,255705,,,,37276,,,,,,,
Batch14_2024,01-Aug-24,C-S-MD-4,CSMD,63,41.2,0.068349275,0.7997,,363809,,,,39697,,,,,,,
Batch14_2024,01-Aug-24,C-4,C,0,38.9,0.068349275,0.7897,,44423,,,,38842,,,,,,,
Batch14_2024,01-Aug-24,C-4,C,21,37.8,0.068349275,0.7897,,131822,,,,38210,,,,,,,
Batch14_2024,01-Aug-24,C-4,C,42,39,0.068349275,0.7897,,260479,,,,37835,,,,,,,
Batch14_2024,01-Aug-24,C-4,C,63,37.6,0.068349275,0.7897,,359000,,,,38351,,,,,,,
Batch14_2024,01-Aug-24,S-M-W-4,SMW,0,36.2,0.068349275,0.78995,,87014,,,,37008,,,,,,,
Batch14_2024,01-Aug-24,S-M-W-4,SMW,21,36.6,0.068349275,0.78995,,208288,,,,38415,,,,,,,
Batch14_2024,01-Aug-24,S-M-W-4,SMW,42,36.8,0.068349275,0.78995,,315120,,,,37838,,,,,,,
Batch14_2024,01-Aug-24,S-M-W-4,SMW,63,37.5,0.068349275,0.78995,,501953,,,,38001,,,,,,,
Batch14_2024,01-Aug-24,S-M-4,SM,0,40,0.068349275,0.7927,,67372,,,,38070,,,,,,,
Batch14_2024,01-Aug-24,S-M-4,SM,21,41.5,0.068349275,0.7927,,191454,,,,38759,,,,,,,
Batch14_2024,01-Aug-24,S-M-4,SM,42,42.8,0.068349275,0.7927,,326728,,,,38090,,,,,,,
Batch14_2024,01-Aug-24,S-M-4,SM,63,43.1,0.068349275,0.7927,,464688,,,,35822,,,,,,,
Batch14_2024,01-Aug-24,C-S-4,CS,0,36.3,0.068349275,0.7907,,79001,,,,37746,,,,,,,
Batch14_2024,01-Aug-24,C-S-4,CS,21,41.3,0.068349275,0.7907,,181124,,,,38090,,,,,,,
Batch14_2024,01-Aug-24,C-S-4,CS,42,42.7,0.068349275,0.7907,,294139,,,,37199,,,,,,,
Batch14_2024,01-Aug-24,C-S-4,CS,63,42.9,0.068349275,0.7907,,396874,,,,38621,,,,,,,
